ProcessID	OperationID	BuildID	WUnit	StationID	ClockNumber	ScanInTime	ScanOutTime	RedirectedAt	Plant	FlowLine	SCDDTE	plannedtime
4-7T MAST MAINLINE  	30	A099           	261090         	AB51030   	102338	2022-07-01 05:24:33.900	2022-07-01 05:28:46.460	0	010            	1-8 TON   	2022-07-06	20.415
4-7T CARRIAGE SUB   	10	A099           	261090         	AB52030   	101751	2022-07-01 04:05:16.507	NULL	0	010            	1-8 TON   	2022-07-06	14.4146
4-7T CYLINDER SUB   	10	A099           	261090         	AB52022   	101339	2022-07-01 04:41:56.300	NULL	0	010            	1-8 TON   	2022-07-06	12.5861
2/130/4-5 LPGBRACKET	10	K813           	250505         	AB45FC18  	NULL	2022-07-01 05:10:44.047	NULL	0	010            	1-8 TON   	2022-06-25	10.3844
2/4-5TSPED1         	10	F879           	230086         	AB22010   	NULL	2022-07-01 05:31:31.437	NULL	0	010            	1-8 TON   	2022-06-25	16
1/170/1-8T TIREPRESS	10	F879           	230086         	ABTIRPRS  	NULL	2022-07-01 05:34:05.203	NULL	0	010            	1-8 TON   	2022-06-25	27.49
4-7T MAST MAINLINE  	40	A099           	261090         	AB51040   	101751	2022-07-01 05:38:14.220	2022-07-01 05:53:18.487	0	010            	1-8 TON   	2022-07-06	13.666
2/001/4-5MASTERCYL  	10	K813           	250505         	AB45FC19  	102165	2022-07-01 05:52:22.853	2022-07-01 05:53:14.190	0	010            	1-8 TON   	2022-06-25	16.3504
4-7T MAST MAINLINE  	50	A099           	261090         	AB51050   	101751	2022-07-01 05:53:43.910	2022-07-01 05:54:08.773	0	010            	1-8 TON   	2022-07-06	2.6679
4-7T MAST MAINLINE  	60	A099           	261090         	AB51060   	102193	2022-07-01 05:56:23.383	2022-07-01 06:03:02.137	0	010            	1-8 TON   	2022-07-06	12.3479
2/005/4-5 COWL MAIN 	5	K813           	250505         	AB45FC21  	101580	2022-07-01 07:14:30.377	NULL	0	010            	1-8 TON   	2022-06-25	20.0143
2/005/4-5 COWL MAIN 	10	K813           	250505         	AB45FC02  	102433	2022-07-01 07:33:53.553	NULL	0	010            	1-8 TON   	2022-06-25	31.2672
2/005/4-5 COWL MAIN 	20	K813           	250505         	AB45FC03  	102281	2022-07-01 07:50:37.087	NULL	0	010            	1-8 TON   	2022-06-25	31.6427
4-7T CARRIAGE SUB   	10	A099           	261090         	AB52030   	101751	2022-07-01 04:05:16.507	2022-07-01 04:27:02.450	0	010            	1-8 TON   	2022-07-06	14.4146
4-7T CYLINDER SUB   	10	A099           	261090         	AB52022   	101339	2022-07-01 04:41:56.300	2022-07-01 05:17:06.330	0	010            	1-8 TON   	2022-07-06	12.5861
4-5T OE             	10	K813           	250505         	AB52040   	101729	2022-07-01 08:21:58.930	2022-07-01 08:23:08.300	0	010            	1-8 TON   	2022-06-25	28.9179
2/050/4-5 RADIATRSUB	10	K813           	250505         	AB45FC13  	102260	2022-07-01 08:22:49.750	2022-07-01 10:45:04.070	0	010            	1-8 TON   	2022-06-25	15.1938
FLM SEAT ASSY       	10	K813           	250505         	AB92265   	102285	2022-07-01 08:59:18.637	2022-07-01 09:05:40.170	0	010            	1-8 TON   	2022-06-25	15.657475
2/040/4-5 EXHAUSTSUB	10	K813           	250505         	AB45FC12  	102260	2022-07-01 09:32:39.907	2022-07-01 09:37:57.350	0	010            	1-8 TON   	2022-06-25	8.9465806
2/020/4-5 STRAXLPREP	10	K813           	250505         	AB45FC05  	102254	2022-07-01 09:32:53.860	2022-07-01 09:43:45.613	0	010            	1-8 TON   	2022-06-25	8.5512
4-5T OE             	10	A099           	261090         	AB52040   	101724	2022-07-01 10:39:59.470	2022-07-01 12:02:03.620	0	010            	1-8 TON   	2022-07-06	69.9214
4-7T CHAIN ASSEMBLY 	10	F879           	230086         	AB52010   	102087	2022-07-01 11:47:49.073	2022-07-01 11:48:05.733	0	010            	1-8 TON   	2022-06-25	14.3721
4-7T MAST MAINLINE  	10	F879           	230086         	AB51010   	101736	2022-07-01 11:48:29.097	2022-07-01 12:08:09.967	0	010            	1-8 TON   	2022-06-25	22.6496
4-7T MAST MAINLINE  	20	F879           	230086         	AB51020   	101911	2022-07-01 12:21:56.937	2022-07-01 12:25:28.057	0	010            	1-8 TON   	2022-06-25	36.9989
4-7T MAST MAINLINE  	30	F879           	230086         	AB51030   	102338	2022-07-01 12:26:24.767	2022-07-01 12:36:52.530	0	010            	1-8 TON   	2022-06-25	21.5979
2/005/4-5 COWL MAIN 	5	K813           	250505         	AB45FC21  	101580	2022-07-01 07:14:30.377	2022-07-01 07:30:01.320	0	010            	1-8 TON   	2022-06-25	20.0143
2/005/4-5 COWL MAIN 	10	K813           	250505         	AB45FC02  	102433	2022-07-01 07:33:53.553	2022-07-01 07:48:21.243	0	010            	1-8 TON   	2022-06-25	31.2672
2/005/4-5 COWL MAIN 	20	K813           	250505         	AB45FC03  	102281	2022-07-01 07:50:37.087	2022-07-01 08:02:12.173	0	010            	1-8 TON   	2022-06-25	31.6427
4-7T MAST MAINLINE  	40	F879           	230086         	AB51040   	101751	2022-07-01 12:40:59.733	2022-07-01 13:20:08.680	0	010            	1-8 TON   	2022-06-25	22.9994
2/003/4-5 VALVE ASSY	10	A099           	261084         	AB45FC01  	102233	2022-07-01 13:04:05.967	2022-07-01 13:24:39.807	0	010            	1-8 TON   	2022-06-05	41.01
4-7T CYLINDER SUB   	10	F879           	230086         	AB52022   	101339	2022-07-01 13:10:43.297	2022-07-01 12:09:59.293	0	010            	1-8 TON   	2022-06-25	15.0839
4-7T MAST MAINLINE  	50	F879           	230086         	AB51050   	101751	2022-07-01 13:20:40.150	2022-07-01 13:21:04.310	0	010            	1-8 TON   	2022-06-25	17.4995
4-7T CARRIAGE SUB   	10	F879           	230086         	AB52030   	600452	2022-07-01 13:32:15.290	2022-07-01 14:22:58.643	0	010            	1-8 TON   	2022-06-25	31.9994
2/025/4-5 TRANSMNSUB	20	A099           	261084         	AB45FC22  	600465	2022-07-01 14:21:48.493	2022-07-01 14:40:17.647	0	010            	1-8 TON   	2022-06-05	12.88
4-7T MAST MAINLINE  	60	F879           	230086         	AB51060   	102193	2022-07-01 14:29:22.173	2022-07-01 14:26:32.263	0	010            	1-8 TON   	2022-06-25	43.4981
2/130/4-5 LPGBRACKET	10	F879           	230086         	AB45FC18  	NULL	2022-07-01 15:45:08.840	NULL	0	010            	1-8 TON   	2022-06-25	11.1676
2/001/4-5MASTERCYL  	10	A099           	261084         	AB45FC19  	102165	2022-07-02 04:40:37.797	2022-07-02 04:44:49.970	0	010            	1-8 TON   	2022-06-05	44.0833
2/001/4-5MASTERCYL  	10	F879           	230086         	AB45FC19  	102165	2022-07-02 05:12:17.680	2022-07-02 05:13:06.577	0	010            	1-8 TON   	2022-06-25	19.2337
2/005/4-5 COWL MAIN 	5	A099           	261084         	AB45FC21  	101580	2022-07-02 05:16:17.790	NULL	1	010            	1-8 TON   	2022-06-05	37.7249
6-7T OE             	10	F879           	230086         	AB52050   	102172	2022-07-02 05:22:25.740	2022-07-02 05:29:53.280	0	010            	1-8 TON   	2022-06-25	86.9989
2/002/4-7 LEVER SUB 	10	F879           	230086         	AB45FC20  	102281	2022-07-02 05:38:53.300	2022-07-02 05:54:28.587	0	010            	1-8 TON   	2022-06-25	7.72
2/003/4-5 VALVE ASSY	10	F879           	230086         	AB45FC01  	102233	2022-07-02 05:43:49.757	2022-07-02 05:59:09.963	0	010            	1-8 TON   	2022-06-25	18.5384
2/005/4-5 COWL MAIN 	10	A099           	261084         	AB45FC02  	102433	2022-07-02 05:54:42.730	2022-07-02 07:34:33.210	0	010            	1-8 TON   	2022-06-05	20.0801
2/005/4-5 COWL MAIN 	20	A099           	261084         	AB45FC03  	102281	2022-07-02 06:06:56.240	2022-07-02 06:37:22.403	0	010            	1-8 TON   	2022-06-05	28.91
2/002/4-7 LEVER SUB 	10	A099           	261084         	AB45FC20  	102165	2022-07-02 06:11:47.150	2022-07-02 07:15:50.430	0	010            	1-8 TON   	2022-06-05	14.75
FLM SEAT ASSY       	10	A099           	261084         	AB92265   	102285	2022-07-02 07:37:03.557	2022-07-02 07:47:39.510	0	010            	1-8 TON   	2022-06-05	21.3201
2/001/4-5MASTERCYL  	10	A099           	261090         	AB45FC19  	102165	2022-07-02 07:48:09.797	2022-07-02 07:48:31.907	0	010            	1-8 TON   	2022-07-06	24.9633
2/005/4-5 COWL MAIN 	5	F879           	230086         	AB45FC21  	101580	2022-07-02 08:00:07.430	2022-07-02 08:11:17.857	0	010            	1-8 TON   	2022-06-25	18.9644
2/050/4-5 RADIATRSUB	10	F879           	230086         	AB45FC13  	NULL	2022-07-02 08:13:30.843	NULL	0	010            	1-8 TON   	2022-06-25	10.5637
2/025/4-5 TRANSMNSUB	20	F879           	230086         	AB45FC22  	101678	2022-07-02 08:15:45.390	2022-07-02 09:19:01.373	0	010            	1-8 TON   	2022-06-25	23.1255
2/005/4-5 COWL MAIN 	10	F879           	230086         	AB45FC02  	102433	2022-07-02 08:18:41.507	2022-07-02 08:33:11.393	0	010            	1-8 TON   	2022-06-25	21.8671
2/015/4-5 TILT SUB  	10	F879           	230086         	AB45FC04  	102332	2022-07-02 08:22:34.893	2022-07-02 08:31:18.630	0	010            	1-8 TON   	2022-06-25	30.1173
2/110/4-5 HOOD SUB  	10	A099           	261084         	AB45FC17  	102217	2022-07-02 08:32:39.217	2022-07-02 09:19:43.533	0	010            	1-8 TON   	2022-06-05	29.86
FLM SEAT ASSY       	10	F879           	230086         	AB92265   	102285	2022-07-02 08:34:19.527	2022-07-02 08:56:21.050	0	010            	1-8 TON   	2022-06-25	10.3078
2/005/4-5 COWL MAIN 	20	F879           	230086         	AB45FC03  	102281	2022-07-02 08:35:11.550	2022-07-02 09:14:52.903	0	010            	1-8 TON   	2022-06-25	29.1415
2/030/4-5 PWRTRAIN  	10	F879           	230086         	AB45FC07  	101314	2022-07-02 09:10:17.777	2022-07-02 09:37:22.510	0	010            	1-8 TON   	2022-06-25	19.0009
2/020/4-5 STRAXLPREP	10	F879           	230086         	AB45FC05  	102254	2022-07-02 09:10:28.043	2022-07-02 09:31:42.700	0	010            	1-8 TON   	2022-06-25	44.2989
2/040/4-5 EXHAUSTSUB	10	F879           	230086         	AB45FC12  	102260	2022-07-02 09:14:42.373	2022-07-02 09:17:15.250	0	010            	1-8 TON   	2022-06-25	2.9464806
2/030/4-5 PWRTRAIN  	20	F879           	230086         	AB45FC08  	102121	2022-07-02 09:52:06.540	2022-07-02 10:02:56.277	0	010            	1-8 TON   	2022-06-25	14.7073
2/140/4-5 MAINLINE  	5	A099           	261084         	AB21010   	600535	2022-07-02 09:53:59.757	2022-07-02 10:01:28.687	0	010            	1-8 TON   	2022-06-05	5.92
2/020/4-5 STRAXLPREP	10	A099           	261084         	AB45FC05  	102254	2022-07-02 10:04:38.867	2022-07-02 10:16:50.130	0	010            	1-8 TON   	2022-06-05	15.7412
2/140/4-5 MAINLINE  	10	A099           	261084         	AB45ML01  	600385	2022-07-02 10:13:22.433	2022-07-02 10:43:00.140	0	010            	1-8 TON   	2022-06-05	28.2
2/015/4-5 TILT SUB  	10	A099           	261084         	AB45FC04  	102332	2022-07-02 10:14:14.020	2022-07-02 10:16:15.877	0	010            	1-8 TON   	2022-06-05	8.49
2/030/4-5 PWRTRAIN  	30	F879           	230086         	AB45FC09  	102258	2022-07-02 10:15:45.187	2022-07-02 10:31:44.713	0	010            	1-8 TON   	2022-06-25	23.0344
2/003/4-5 VALVE ASSY	10	A099           	261090         	AB45FC01  	102233	2022-07-02 10:41:52.180	2022-07-02 11:12:17.733	0	010            	1-8 TON   	2022-07-06	41.01
2/140/4-5 MAINLINE  	30	A099           	261084         	AB45ML03  	102216	2022-07-02 10:45:23.330	2022-07-02 10:57:39.080	0	010            	1-8 TON   	2022-06-05	14.75
2/140/4-5 MAINLINE  	20	A099           	261084         	AB45ML02  	102332	2022-07-02 10:48:14.240	2022-07-02 10:48:43.650	0	010            	1-8 TON   	2022-06-05	9.35
2/140/4-5 MAINLINE  	40	A099           	261084         	AB45ML04  	102235	2022-07-02 10:48:18.460	2022-07-02 11:09:05.773	0	010            	1-8 TON   	2022-06-05	18.2
2/025/4-5 TRANSMNSUB	20	A099           	261090         	AB45FC22  	101678	2022-07-02 10:52:48.310	2022-07-02 10:53:30.767	0	010            	1-8 TON   	2022-07-06	12.88
2/002/4-7 LEVER SUB 	10	A099           	261090         	AB45FC20  	102116	2022-07-02 11:22:35.793	2022-07-02 12:21:22.620	0	010            	1-8 TON   	2022-07-06	14.75
2/027/4-5 WETAXLESUB	10	A099           	261084         	AB45FC11  	101678	2022-07-02 11:26:16.273	2022-07-02 11:27:13.453	0	010            	1-8 TON   	2022-06-05	18.2811
2/140/4-5 MAINLINE  	50	A099           	261084         	AB45ML05  	600478	2022-07-02 12:20:10.173	2022-07-02 12:20:49.477	0	010            	1-8 TON   	2022-06-05	13.5
2/140/4-5 MAINLINE  	60	A099           	261084         	AB45ML06  	102313	2022-07-02 13:22:00.727	2022-07-02 13:55:35.493	0	010            	1-8 TON   	2022-06-05	22.6799
2/060/4-5 OHG/CAB SB	10	A099           	261084         	AB45FC14  	102249	2022-07-02 14:12:27.840	2022-07-02 14:42:35.017	0	010            	1-8 TON   	2022-06-05	18.5
2/060/4-5 OHG/CAB SB	5	A099           	261084         	AB45FC14A 	102249	2022-07-02 14:12:36.170	2022-07-02 14:42:31.283	0	010            	1-8 TON   	2022-06-05	30.23
2/140/4-5 MAINLINE  	70	A099           	261084         	AB45ML07  	600531	2022-07-02 14:50:40.763	2022-07-02 15:03:11.640	0	010            	1-8 TON   	2022-06-05	8.4
2/140/4-5 MAINLINE  	80	A099           	261084         	AB45ML08  	102367	2022-07-02 15:04:03.770	2022-07-02 15:11:39.700	0	010            	1-8 TON   	2022-06-05	19.4
1-3T MAST MAINLINE  	10	A968           	220034         	AB61010   	102219	2022-07-02 16:50:33.393	2022-07-02 16:53:09.070	0	010            	1-8 TON   	2022-07-01	5.1665
1-3T CYLINDER SUB   	10	A968           	220034         	AB62030   	102379	2022-07-02 16:51:54.623	2022-07-02 16:54:46.457	0	010            	1-8 TON   	2022-07-01	4.4999
1-3T MAST MAINLINE  	20	A968           	220034         	AB61020   	102272	2022-07-02 16:54:34.237	2022-07-02 16:59:12.553	0	010            	1-8 TON   	2022-07-01	8.1159
1-3T MAST VALVE SUB 	10	A968           	220034         	AB62040   	102267	2022-07-02 16:57:33.213	2022-07-02 17:02:59.433	0	010            	1-8 TON   	2022-07-01	5.2964
1-3T MAST MAINLINE  	30	A968           	220034         	AB61030   	102188	2022-07-02 17:00:57.070	2022-07-02 17:05:23.623	0	010            	1-8 TON   	2022-07-01	11.4994
1-3T CARRIAGE SUB   	10	A968           	220034         	AB62050   	102415	2022-07-02 17:10:28.397	2022-07-02 17:10:52.260	0	010            	1-8 TON   	2022-07-01	9.42
1-3T MAST MAINLINE  	40	A968           	220034         	AB61040   	600455	2022-07-02 17:17:53.327	2022-07-02 17:20:36.957	0	010            	1-8 TON   	2022-07-01	7.8331
1-3T MAST MAINLINE  	50	A968           	220034         	AB61050   	102231	2022-07-02 17:21:03.020	2022-07-02 17:26:02.167	0	010            	1-8 TON   	2022-07-01	3.833
1-3T MAST MAINLINE  	60	A968           	220034         	AB61060   	600454	2022-07-02 17:26:59.470	2022-07-02 17:27:45.867	0	010            	1-8 TON   	2022-07-01	5.4998
1-3T MAST MAINLINE  	70	A968           	220034         	AB61070   	102428	2022-07-02 17:28:32.827	2022-07-02 17:30:17.667	0	010            	1-8 TON   	2022-07-01	5.4976
1-3T MAST MAINLINE  	10	M221           	196782         	AB61010   	102219	2022-07-02 17:30:27.903	2022-07-02 17:35:01.513	0	010            	1-8 TON   	2022-07-01	5.1665
1-3T CYLINDER SUB   	10	M221           	196782         	AB62030   	102379	2022-07-02 17:30:41.343	2022-07-02 17:57:09.397	0	010            	1-8 TON   	2022-07-01	4.4999
1-3T MAST VALVE SUB 	10	M221           	196782         	AB62040   	102267	2022-07-02 17:31:18.893	2022-07-02 17:38:20.430	0	010            	1-8 TON   	2022-07-01	3.3745
1-3T MAST MAINLINE  	80	A968           	220034         	AB61080   	102291	2022-07-02 17:32:20.997	2022-07-02 17:37:19.877	0	010            	1-8 TON   	2022-07-01	5.9998
1-3T CHAIN ASSEMBLY 	10	M221           	196782         	AB62022   	102103	2022-07-02 17:32:58.123	NULL	1	010            	1-8 TON   	2022-07-01	7.4
1-3T MAST MAINLINE  	20	M221           	196782         	AB61020   	102272	2022-07-02 17:36:39.260	2022-07-02 17:40:51.543	0	010            	1-8 TON   	2022-07-01	8.4159
1-3T MAST MAINLINE  	30	M221           	196782         	AB61030   	102188	2022-07-02 17:41:26.547	2022-07-02 17:43:32.767	0	010            	1-8 TON   	2022-07-01	5.5
1-3T MAST MAINLINE  	40	M221           	196782         	AB61040   	102388	2022-07-02 17:59:54.810	2022-07-02 18:03:16.397	0	010            	1-8 TON   	2022-07-01	2.25
1-3T MAST MAINLINE  	90	A968           	220034         	AB61090   	102399	2022-07-02 18:02:00.497	2022-07-02 18:02:44.080	0	010            	1-8 TON   	2022-07-01	9.2515
1-3T CARRIAGE SUB   	10	M221           	196782         	AB62050   	102415	2022-07-02 18:02:51.267	2022-07-02 18:10:53.860	0	010            	1-8 TON   	2022-07-01	5.1999
1-3T MAST MAINLINE  	50	M221           	196782         	AB61050   	102231	2022-07-02 18:03:47.023	2022-07-02 18:08:56.623	0	010            	1-8 TON   	2022-07-01	1.5
1-3T MAST MAINLINE  	70	M221           	196782         	AB61070   	102428	2022-07-02 18:10:14.387	2022-07-02 18:13:11.033	0	010            	1-8 TON   	2022-07-01	3.4999
1-3T MAST MAINLINE  	100	A968           	220034         	AB61100   	102276	2022-07-02 18:13:49.413	2022-07-02 18:16:52.343	0	010            	1-8 TON   	2022-07-01	8.9163
1-3T MAST MAINLINE  	80	M221           	196782         	AB61080   	102291	2022-07-02 18:13:51.007	2022-07-02 18:17:05.940	0	010            	1-8 TON   	2022-07-01	5
1-3T OE             	10	A968           	220034         	AB61110   	600411	2022-07-02 18:18:59.763	2022-07-02 18:23:28.390	0	010            	1-8 TON   	2022-07-01	8.4996
1-3T OE             	20	A968           	220034         	AB61120   	600355	2022-07-02 18:49:20.943	2022-07-02 18:52:44.390	0	010            	1-8 TON   	2022-07-01	7.7538
1-3T OE             	30	A968           	220034         	AB61130   	102381	2022-07-02 18:59:45.350	2022-07-02 19:04:43.280	0	010            	1-8 TON   	2022-07-01	8.7478
1-3T MAST MAINLINE  	90	M221           	196782         	AB61090   	102399	2022-07-02 19:10:32.540	2022-07-02 19:10:59.323	0	010            	1-8 TON   	2022-07-01	9.6227
1-3T OE             	40	A968           	220034         	AB61140   	102337	2022-07-02 19:12:28.117	2022-07-02 19:17:23.200	0	010            	1-8 TON   	2022-07-01	6.2598
1-3T MAST MAINLINE  	100	M221           	196782         	AB61100   	102276	2022-07-02 19:21:16.713	2022-07-02 19:27:00.067	0	010            	1-8 TON   	2022-07-01	1
1-3T OE             	50	A968           	220034         	AB61150   	102120	2022-07-02 19:27:29.417	2022-07-02 19:34:48.313	0	010            	1-8 TON   	2022-07-01	8.9998
1-3T OE             	10	M221           	196782         	AB61110   	600411	2022-07-02 19:29:16.647	2022-07-02 19:34:19.530	0	010            	1-8 TON   	2022-07-01	5.7492
1-3T OE             	20	M221           	196782         	AB61120   	600355	2022-07-02 19:34:38.937	2022-07-02 19:36:03.637	0	010            	1-8 TON   	2022-07-01	3.2499
1-3T OE             	30	M221           	196782         	AB61130   	102381	2022-07-02 19:38:45.407	2022-07-02 19:43:27.020	0	010            	1-8 TON   	2022-07-01	4.7499
1-3T OE             	60	A968           	220034         	AB61160   	106704	2022-07-02 19:52:37.417	2022-07-02 19:53:08.840	0	010            	1-8 TON   	2022-07-01	2.754
1-3T OE             	70	A968           	220034         	AB61170   	102389	2022-07-02 19:54:37.697	2022-07-02 20:37:03.970	0	010            	1-8 TON   	2022-07-01	2.9999
1-3T OE             	40	M221           	196782         	AB61140   	102337	2022-07-02 20:36:57.893	2022-07-02 20:44:22.173	0	010            	1-8 TON   	2022-07-01	11.9664
1-3T OE             	50	M221           	196782         	AB61150   	102120	2022-07-02 20:44:45.613	2022-07-02 20:47:50.220	0	010            	1-8 TON   	2022-07-01	3.4999
1-3T OE             	90	A968           	220034         	AB61190   	102371	2022-07-02 20:51:15.290	2022-07-02 21:01:08.840	0	010            	1-8 TON   	2022-07-01	20.0004
1-3T OE             	60	M221           	196782         	AB61160   	106704	2022-07-02 21:15:12.380	2022-07-02 21:24:44.503	0	010            	1-8 TON   	2022-07-01	3.5839
1-3T OE             	70	M221           	196782         	AB61170   	102389	2022-07-02 21:25:17.243	2022-07-02 21:29:04.897	0	010            	1-8 TON   	2022-07-01	7.4183
1-3T MAST MAINLINE  	10	A268           	261492         	AB61010   	102219	2022-07-06 00:46:42.927	2022-07-06 00:50:24.470	0	010            	1-8 TON   	2022-07-06	5.1665
1-3T MAST VALVE SUB 	10	A268           	261492         	AB62040   	102267	2022-07-06 00:47:08.337	2022-07-06 00:51:38.477	0	010            	1-8 TON   	2022-07-06	2.8786
1-3T MAST MAINLINE  	20	A268           	261492         	AB61020   	102212	2022-07-06 00:56:52.657	2022-07-06 01:04:12.883	0	010            	1-8 TON   	2022-07-06	8.1159
1-3T CYLINDER SUB   	10	A268           	261492         	AB62030   	102379	2022-07-06 01:01:44.163	2022-07-06 01:13:41.830	0	010            	1-8 TON   	2022-07-06	4.4999
1-3T MAST MAINLINE  	30	A268           	261492         	AB61030   	102188	2022-07-06 01:06:56.467	2022-07-06 01:08:50.463	0	010            	1-8 TON   	2022-07-06	11.4994
1-3T MAST MAINLINE  	40	A268           	261492         	AB61040   	600455	2022-07-06 01:15:17.657	2022-07-06 01:15:51.380	0	010            	1-8 TON   	2022-07-06	7.8331
1-3T MAST MAINLINE  	50	A268           	261492         	AB61050   	102231	2022-07-06 01:16:16.617	2022-07-06 01:20:18.303	0	010            	1-8 TON   	2022-07-06	3.833
1-3T MAST MAINLINE  	60	A268           	261492         	AB61060   	600454	2022-07-06 01:20:38.993	2022-07-06 01:24:43.010	0	010            	1-8 TON   	2022-07-06	5.4998
1-3T MAST MAINLINE  	70	A268           	261492         	AB61070   	102428	2022-07-06 01:25:24.047	2022-07-06 01:28:23.243	0	010            	1-8 TON   	2022-07-06	5.4976
1-3T MAST MAINLINE  	80	A268           	261492         	AB61080   	102291	2022-07-06 01:30:25.853	2022-07-06 01:36:06.160	0	010            	1-8 TON   	2022-07-06	5.9998
2/140/4-5 MAINLINE  	90	A099           	261084         	AB45ML09  	600481	2022-07-06 05:01:12.890	2022-07-06 05:34:47.003	0	010            	1-8 TON   	2022-06-05	31.2799
2/130/4-5 LPGBRACKET	10	A099           	261084         	AB45FC18  	600476	2022-07-06 05:03:04.873	2022-07-06 05:30:43.927	0	010            	1-8 TON   	2022-06-05	29.24
2/005/4-5 COWL MAIN 	5	A099           	261090         	AB45FC21  	101580	2022-07-06 05:07:40.287	2022-07-06 05:08:25.793	0	010            	1-8 TON   	2022-07-06	37.7249
1-3T CARRIAGE SUB   	10	A268           	261492         	AB62050   	102138	2022-07-06 05:13:26.500	2022-07-06 05:14:06.663	0	010            	1-8 TON   	2022-07-06	0.75
1-3T MAST MAINLINE  	90	A268           	261492         	AB61090   	600519	2022-07-06 05:15:00.687	2022-07-06 05:15:42.877	0	010            	1-8 TON   	2022-07-06	2.7495
1-3T MAST MAINLINE  	100	A268           	261492         	AB61100   	101476	2022-07-06 05:15:55.050	2022-07-06 05:25:20.433	0	010            	1-8 TON   	2022-07-06	8.9163
1-3T OE             	10	A268           	261492         	AB61110   	600417	2022-07-06 05:29:46.263	2022-07-06 05:33:10.040	0	010            	1-8 TON   	2022-07-06	3.4998
2/027/4-5 WETAXLESUB	10	A099           	261090         	AB45FC11  	101678	2022-07-06 05:35:38.260	2022-07-06 05:36:28.813	0	010            	1-8 TON   	2022-07-06	18.2811
2/140/4-5 MAINLINE  	100	A099           	261084         	AB45ML10  	102126	2022-07-06 05:37:16.820	2022-07-06 05:54:15.587	0	010            	1-8 TON   	2022-06-05	14.2
FLM SEAT ASSY       	10	A099           	261090         	AB92265   	102285	2022-07-06 06:24:36.227	2022-07-06 06:46:04.927	0	010            	1-8 TON   	2022-07-06	21.3201
4-7T CHAIN ASSEMBLY 	10	U005           	253521         	AB52010   	102087	2022-07-06 06:42:35.100	2022-07-06 06:51:40.967	0	010            	1-8 TON   	2022-07-01	11.0795
2/140/4-5 MAINLINE  	110	A099           	261084         	AB45ML11  	102259	2022-07-06 06:49:15.370	2022-07-06 08:44:34.840	0	010            	1-8 TON   	2022-06-05	57.9995
2/110/4-5 HOOD SUB  	10	A099           	261090         	AB45FC17  	102217	2022-07-06 07:24:12.757	2022-07-06 07:43:01.930	0	010            	1-8 TON   	2022-07-06	29.11
4-7T MAST MAINLINE  	10	U005           	253521         	AB51010   	101736	2022-07-06 08:04:17.730	2022-07-06 08:15:39.173	0	010            	1-8 TON   	2022-07-01	21.1677
4-7T CYLINDER SUB   	10	U005           	253521         	AB52022   	101339	2022-07-06 08:22:54.727	2022-07-06 08:32:52.223	0	010            	1-8 TON   	2022-07-01	13.0841
4-7T MAST MAINLINE  	20	U005           	253521         	AB51020   	101911	2022-07-06 08:39:21.037	2022-07-06 08:51:13.610	0	010            	1-8 TON   	2022-07-01	25.1599
2/140/4-5 MAINLINE  	5	A099           	261090         	AB21010   	600535	2022-07-06 09:01:28.437	2022-07-06 09:52:51.963	0	010            	1-8 TON   	2022-07-06	10.5
2/020/4-5 STRAXLPREP	10	A099           	261090         	AB45FC05  	102254	2022-07-06 09:07:28.043	2022-07-06 09:30:47.453	0	010            	1-8 TON   	2022-07-06	17.7411
2/005/4-5 COWL MAIN 	10	A099           	261090         	AB45FC02  	102433	2022-07-06 09:09:53.873	2022-07-06 09:13:29.040	0	010            	1-8 TON   	2022-07-06	20.0801
4-7T MAST MAINLINE  	30	U005           	253521         	AB51030   	102338	2022-07-06 09:13:51.950	2022-07-06 09:16:51.630	0	010            	1-8 TON   	2022-07-01	29.4128
4-7T CARRIAGE SUB   	10	U005           	253521         	AB52030   	600452	2022-07-06 09:17:27.070	2022-07-06 09:30:54.173	0	010            	1-8 TON   	2022-07-01	17.4146
4-7T MAST MAINLINE  	40	U005           	253521         	AB51040   	102386	2022-07-06 09:38:36.450	2022-07-06 10:07:34.243	0	010            	1-8 TON   	2022-07-01	11.6638
1-3T CHAIN ASSEMBLY 	10	A968           	212862         	AB62022   	600450	2022-07-06 09:52:52.167	2022-07-06 09:54:57.417	0	010            	1-8 TON   	2022-07-01	20.5998
1-3T CYLINDER SUB   	10	A968           	212862         	AB62030   	101561	2022-07-06 09:57:27.747	2022-07-06 10:15:54.900	0	010            	1-8 TON   	2022-07-01	5.9999
1-3T MAST MAINLINE  	20	A968           	212862         	AB61020   	102180	2022-07-06 10:05:53.933	2022-07-06 10:11:11.020	0	010            	1-8 TON   	2022-07-01	10.4821
4-7T MAST MAINLINE  	50	U005           	253521         	AB51050   	101751	2022-07-06 10:09:32.807	2022-07-06 10:12:36.017	0	010            	1-8 TON   	2022-07-01	13.4177
2/140/4-5 MAINLINE  	10	A099           	261090         	AB45ML01  	600385	2022-07-06 10:10:34.500	2022-07-06 10:44:11.017	0	010            	1-8 TON   	2022-07-06	27.45
4-7T MAST MAINLINE  	60	U005           	253521         	AB51060   	101751	2022-07-06 10:13:46.337	2022-07-06 10:24:19.900	0	010            	1-8 TON   	2022-07-01	18.9699
2/015/4-5 TILT SUB  	10	A099           	261090         	AB45FC04  	102332	2022-07-06 10:22:44.293	2022-07-06 10:25:37.050	0	010            	1-8 TON   	2022-07-06	8.49
1-3T MAST VALVE SUB 	10	A968           	212862         	AB62040   	102241	2022-07-06 10:27:45.520	2022-07-06 10:31:26.717	0	010            	1-8 TON   	2022-07-01	8.1308
1-3T MAST MAINLINE  	40	A968           	212862         	AB61040   	101579	2022-07-06 10:45:54.280	2022-07-06 10:58:23.890	0	010            	1-8 TON   	2022-07-01	11.4163
2/140/4-5 MAINLINE  	20	A099           	261090         	AB45ML02  	102332	2022-07-06 10:47:05.380	2022-07-06 10:47:25.883	0	010            	1-8 TON   	2022-07-06	9.35
2/140/4-5 MAINLINE  	30	A099           	261090         	AB45ML03  	102216	2022-07-06 10:47:12.630	2022-07-06 11:35:15.830	0	010            	1-8 TON   	2022-07-06	14.85
2/140/4-5 MAINLINE  	40	A099           	261090         	AB45ML04  	102235	2022-07-06 10:47:40.340	2022-07-06 11:48:42.853	0	010            	1-8 TON   	2022-07-06	18.2
2/002/4-7 LEVER SUB 	10	U005           	253521         	AB45FC20  	102165	2022-07-07 10:28:35.727	2022-07-07 10:29:00.463	0	010            	1-8 TON   	2022-07-01	7.72
2/005/4-5 COWL MAIN 	20	A099           	261090         	AB45FC03  	102281	2022-07-06 05:17:27.673	2022-07-06 05:49:13.677	0	010            	1-8 TON   	2022-07-06	29.41
2/140/4-5 MAINLINE  	50	A099           	261090         	AB45ML05  	600478	2022-07-06 05:17:59.773	2022-07-06 05:20:21.370	0	010            	1-8 TON   	2022-07-06	13.5
2/003/4-5 VALVE ASSY	10	U005           	253521         	AB45FC01  	102233	2022-07-06 05:43:25.477	2022-07-06 05:53:12.767	0	010            	1-8 TON   	2022-07-01	22.1712
2/140/4-5 MAINLINE  	60	A099           	261090         	AB45ML06  	102313	2022-07-06 06:15:09.210	2022-07-06 06:14:42.583	0	010            	1-8 TON   	2022-07-06	22.6799
1/170/1-8T TIREPRESS	10	U005           	253521         	ABTIRPRS  	NULL	2022-07-06 06:16:25.783	NULL	0	010            	1-8 TON   	2022-07-01	28.583233332
2/060/4-5 OHG/CAB SB	5	A099           	261090         	AB45FC14A 	102249	2022-07-06 06:18:08.530	2022-07-06 06:55:20.663	0	010            	1-8 TON   	2022-07-06	30.98
2/060/4-5 OHG/CAB SB	10	A099           	261090         	AB45FC14  	102249	2022-07-06 06:21:34.197	2022-07-06 06:55:16.550	0	010            	1-8 TON   	2022-07-06	18.5
2/001/4-5MASTERCYL  	10	U005           	253521         	AB45FC19  	102165	2022-07-06 06:32:41.120	2022-07-06 06:33:28.707	0	010            	1-8 TON   	2022-07-01	16.3504
2/005/4-5 COWL MAIN 	5	U005           	253521         	AB45FC21  	101580	2022-07-06 06:39:19.520	2022-07-06 06:50:24.767	0	010            	1-8 TON   	2022-07-01	20.0143
2/005/4-5 COWL MAIN 	10	U005           	253521         	AB45FC02  	102433	2022-07-06 06:58:54.407	2022-07-06 07:14:32.700	0	010            	1-8 TON   	2022-07-01	13.2672
2/040/4-5 EXHAUSTSUB	10	U005           	253521         	AB45FC12  	102260	2022-07-06 07:03:03.533	2022-07-06 07:07:06.530	0	010            	1-8 TON   	2022-07-01	8.9465806
2/140/4-5 MAINLINE  	70	A099           	261090         	AB45ML07  	600531	2022-07-06 07:11:22.160	2022-07-06 07:29:56.300	0	010            	1-8 TON   	2022-07-06	8.4
FLM SEAT ASSY       	10	U005           	253521         	AB92265   	102285	2022-07-06 07:11:44.130	2022-07-06 07:18:47.453	0	010            	1-8 TON   	2022-07-01	16.2075
4-5T OE             	10	U005           	253521         	AB52040   	101724	2022-07-06 07:12:59.033	2022-07-06 07:13:35.473	0	010            	1-8 TON   	2022-07-01	28.5429
2/005/4-5 COWL MAIN 	20	U005           	253521         	AB45FC03  	102281	2022-07-06 07:23:58.803	2022-07-06 07:34:54.697	0	010            	1-8 TON   	2022-07-01	26.3929
2/140/4-5 MAINLINE  	80	A099           	261090         	AB45ML08  	102367	2022-07-06 07:30:22.197	2022-07-06 07:46:39.410	0	010            	1-8 TON   	2022-07-06	19.4
2/015/4-5 TILT SUB  	10	U005           	253521         	AB45FC04  	102223	2022-07-06 07:36:14.393	2022-07-06 07:44:16.923	0	010            	1-8 TON   	2022-07-01	11.6169
2/140/4-5 MAINLINE  	90	A099           	261090         	AB45ML09  	600481	2022-07-06 08:17:19.593	2022-07-06 08:33:44.137	0	010            	1-8 TON   	2022-07-06	36.0299
2/050/4-5 RADIATRSUB	10	U005           	253521         	AB45FC13  	102260	2022-07-06 08:24:37.630	2022-07-06 10:53:30.857	0	010            	1-8 TON   	2022-07-01	15.1938
2/025/4-5 TRANSMNSUB	10	U005           	253521         	AB45FC06  	600465	2022-07-06 08:27:04.587	2022-07-06 09:05:36.433	0	010            	1-8 TON   	2022-07-01	32.4242
2/030/4-5 PWRTRAIN  	10	U005           	253521         	AB45FC07  	101314	2022-07-06 08:30:38.020	2022-07-06 09:12:30.000	0	010            	1-8 TON   	2022-07-01	24.6243
2/020/4-5 STRAXLPREP	10	U005           	253521         	AB45FC05  	102254	2022-07-06 09:12:11.640	2022-07-06 09:23:08.860	0	010            	1-8 TON   	2022-07-01	8.5512
2/030/4-5 PWRTRAIN  	20	U005           	253521         	AB45FC08  	102121	2022-07-06 09:19:24.740	2022-07-06 09:26:08.803	0	010            	1-8 TON   	2022-07-01	15.4089
2/140/4-5 MAINLINE  	5	U005           	253521         	AB21010   	600535	2022-07-06 09:31:05.543	2022-07-06 09:47:41.963	0	010            	1-8 TON   	2022-07-01	18.9923
2/140/4-5 MAINLINE  	100	A099           	261090         	AB45ML10  	102315	2022-07-06 09:34:27.740	2022-07-06 09:50:54.957	0	010            	1-8 TON   	2022-07-06	14.2
2/030/4-5 PWRTRAIN  	30	U005           	253521         	AB45FC09  	101678	2022-07-06 10:16:48.460	2022-07-06 10:21:48.217	0	010            	1-8 TON   	2022-07-01	20.8341
2/140/4-5 MAINLINE  	10	U005           	253521         	AB45ML01  	600385	2022-07-06 10:17:12.180	2022-07-06 10:29:20.193	0	010            	1-8 TON   	2022-07-01	16.013
2/090/4-5 BATTERYSUB	10	U005           	253521         	AB45FC15  	101623	2022-07-06 10:23:14.587	2022-07-06 11:00:22.500	0	010            	1-8 TON   	2022-07-01	6.7513
2/100/4-5 ARCLENRSUB	10	U005           	253521         	AB45FC15  	101623	2022-07-06 10:23:14.587	2022-07-06 11:00:22.500	0	010            	1-8 TON   	2022-07-01	4.5428
2/140/4-5 MAINLINE  	20	U005           	253521         	AB45ML02  	102332	2022-07-06 10:32:03.980	2022-07-06 10:53:52.110	0	010            	1-8 TON   	2022-07-01	18.1323
2/027/4-5 WETAXLESUB	10	U005           	253521         	AB45FC11  	102262	2022-07-06 10:32:09.090	2022-07-06 10:51:55.563	0	010            	1-8 TON   	2022-07-01	27.7146
2/140/4-5 MAINLINE  	30	U005           	253521         	AB45ML03  	600477	2022-07-06 10:37:38.800	2022-07-06 10:54:03.110	0	010            	1-8 TON   	2022-07-01	18.8341
2/080/4-5 FUELSUBS  	10	U005           	253521         	AB45FC16  	102216	2022-07-06 10:43:24.843	2022-07-06 10:54:57.693	0	010            	1-8 TON   	2022-07-01	11.7085
2/140/4-5 MAINLINE  	40	U005           	253521         	AB45ML04  	102235	2022-07-06 11:04:20.187	2022-07-06 11:18:55.433	0	010            	1-8 TON   	2022-07-01	19.4171
2/030/4-5 PWRTRAIN  	40	U005           	253521         	AB45FC10  	600478	2022-07-06 12:17:40.480	2022-07-06 12:18:22.813	0	010            	1-8 TON   	2022-07-01	10.7512
2/140/4-5 MAINLINE  	50	U005           	253521         	AB45ML05  	600478	2022-07-06 12:19:19.053	2022-07-06 13:47:58.460	0	010            	1-8 TON   	2022-07-01	30.0985
2/110/4-5 HOOD SUB  	10	U005           	253521         	AB45FC17  	102217	2022-07-06 13:04:48.780	2022-07-06 13:15:41.360	0	010            	1-8 TON   	2022-07-01	11.169775
2/4-5TSPED1         	10	G024           	231194         	AB22010   	NULL	2022-07-06 13:37:00.020	NULL	0	010            	1-8 TON   	2022-06-19	8
2/060/4-5 OHG/CAB SB	10	U005           	253521         	AB45FC14  	102249	2022-07-06 14:15:12.223	2022-07-06 14:30:59.357	0	010            	1-8 TON   	2022-07-01	15.1086
2/060/4-5 OHG/CAB SB	5	U005           	253521         	AB45FC14A 	102249	2022-07-06 14:15:17.367	2022-07-06 14:27:16.643	0	010            	1-8 TON   	2022-07-01	7.7926
2/140/4-5 MAINLINE  	60	U005           	253521         	AB45ML06  	102313	2022-07-06 14:27:45.693	2022-07-06 14:38:51.870	0	010            	1-8 TON   	2022-07-01	19.5508
1-3T CYLINDER SUB   	10	A268           	261493         	AB62030   	101561	2022-07-06 14:39:46.453	2022-07-06 14:44:39.927	0	010            	1-8 TON   	2022-07-06	4.4999
1-3T MAST MAINLINE  	10	A268           	261493         	AB61010   	102352	2022-07-06 14:39:56.097	2022-07-06 14:40:29.397	0	010            	1-8 TON   	2022-07-06	5.1665
1-3T CHAIN ASSEMBLY 	10	A268           	261493         	AB62022   	600450	2022-07-06 14:45:14.883	2022-07-06 14:46:28.940	0	010            	1-8 TON   	2022-07-06	19.5999
1-3T MAST MAINLINE  	20	A268           	261493         	AB61020   	101548	2022-07-06 14:50:19.390	2022-07-06 14:56:51.517	0	010            	1-8 TON   	2022-07-06	8.1159
2/140/4-5 MAINLINE  	70	U005           	253521         	AB45ML07  	600531	2022-07-06 14:56:59.410	2022-07-06 15:12:59.483	0	010            	1-8 TON   	2022-07-01	26.7925
1-3T CARRIAGE SUB   	10	A268           	261493         	AB62050   	102138	2022-07-06 15:01:50.773	2022-07-06 15:02:22.603	0	010            	1-8 TON   	2022-07-06	0.75
1-3T MAST MAINLINE  	30	A268           	261493         	AB61030   	101744	2022-07-06 15:06:56.717	2022-07-06 15:14:48.187	0	010            	1-8 TON   	2022-07-06	11.4994
1-3T MAST VALVE SUB 	10	A268           	261493         	AB62040   	102241	2022-07-06 15:07:28.673	2022-07-06 15:10:21.820	0	010            	1-8 TON   	2022-07-06	2.8786
2/140/4-5 MAINLINE  	80	U005           	253521         	AB45ML08  	102367	2022-07-06 15:25:07.463	2022-07-06 15:25:55.330	0	010            	1-8 TON   	2022-07-01	27.1891
1-3T MAST MAINLINE  	40	A268           	261493         	AB61040   	600455	2022-07-06 16:13:24.717	2022-07-06 16:16:27.730	0	010            	1-8 TON   	2022-07-06	7.8331
1-3T MAST MAINLINE  	50	A268           	261493         	AB61050   	102231	2022-07-06 16:18:24.730	2022-07-06 16:23:12.550	0	010            	1-8 TON   	2022-07-06	3.833
2/140/4-5 MAINLINE  	90	U005           	253521         	AB45ML09  	600481	2022-07-06 16:19:18.207	2022-07-06 16:31:15.623	0	010            	1-8 TON   	2022-07-01	32.31605
1-3T MAST MAINLINE  	60	A268           	261493         	AB61060   	600454	2022-07-06 16:24:06.993	2022-07-06 16:25:45.240	0	010            	1-8 TON   	2022-07-06	5.4998
1-3T MAST MAINLINE  	70	A268           	261493         	AB61070   	102428	2022-07-06 16:27:49.160	2022-07-06 16:28:51.997	0	010            	1-8 TON   	2022-07-06	5.4976
1-3T MAST MAINLINE  	80	A268           	261493         	AB61080   	102291	2022-07-06 16:28:41.247	2022-07-06 16:32:27.523	0	010            	1-8 TON   	2022-07-06	5.9998
1-3T MAST MAINLINE  	90	A268           	261493         	AB61090   	102399	2022-07-06 16:49:34.900	2022-07-06 16:49:50.980	0	010            	1-8 TON   	2022-07-06	2.7495
1-3T MAST MAINLINE  	100	A268           	261493         	AB61100   	106743	2022-07-06 17:03:24.583	2022-07-06 17:10:05.790	0	010            	1-8 TON   	2022-07-06	8.9163
1-3T OE             	10	A268           	261493         	AB61110   	600411	2022-07-06 17:10:13.180	2022-07-06 17:15:04.047	0	010            	1-8 TON   	2022-07-06	3.4998
1-3T MAST VALVE SUB 	10	A935           	220608         	AB62040   	102267	2022-07-06 19:07:26.870	2022-07-06 19:11:32.230	0	010            	1-8 TON   	2022-07-01	1.9996
1-3T MAST MAINLINE  	10	A935           	220608         	AB61010   	102219	2022-07-06 19:08:49.473	2022-07-06 19:14:54.363	0	010            	1-8 TON   	2022-07-01	5.1665
1-3T CYLINDER SUB   	10	A935           	220608         	AB62030   	102379	2022-07-06 19:10:52.600	2022-07-06 19:15:45.133	0	010            	1-8 TON   	2022-07-01	6.250025
1-3T MAST MAINLINE  	20	A935           	220608         	AB61020   	102444	2022-07-06 19:16:03.323	2022-07-06 19:20:22.887	0	010            	1-8 TON   	2022-07-01	7.8659
1-3T MAST MAINLINE  	30	A935           	220608         	AB61030   	102188	2022-07-06 19:20:34.467	2022-07-06 19:27:18.880	0	010            	1-8 TON   	2022-07-01	6.6666
1-3T OE             	80	A935           	220608         	AB61180   	102272	2022-07-06 19:22:18.370	2022-07-06 19:23:30.240	0	010            	1-8 TON   	2022-07-01	3.498
1-3T MAST MAINLINE  	40	A935           	220608         	AB61040   	600455	2022-07-06 19:38:50.130	2022-07-06 19:39:07.490	0	010            	1-8 TON   	2022-07-01	7.333
1-3T CARRIAGE SUB   	10	A935           	220608         	AB62050   	102415	2022-07-06 19:40:15.983	2022-07-06 19:42:58.240	0	010            	1-8 TON   	2022-07-01	8.922
1-3T MAST MAINLINE  	50	A935           	220608         	AB61050   	102231	2022-07-06 19:43:00.550	2022-07-06 19:45:21.773	0	010            	1-8 TON   	2022-07-01	6.0808
1-3T MAST MAINLINE  	60	A935           	220608         	AB61060   	600454	2022-07-06 19:45:24.053	2022-07-06 19:47:01.283	0	010            	1-8 TON   	2022-07-01	3.9998
1-3T MAST MAINLINE  	70	A935           	220608         	AB61070   	102428	2022-07-06 19:48:25.217	2022-07-06 20:33:03.150	0	010            	1-8 TON   	2022-07-01	7.2498
1-3T MAST MAINLINE  	80	A935           	220608         	AB61080   	102291	2022-07-06 20:37:10.697	2022-07-06 20:45:46.727	0	010            	1-8 TON   	2022-07-01	4.4998
1-3T MAST MAINLINE  	90	A935           	220608         	AB61090   	102399	2022-07-06 20:46:43.860	2022-07-06 20:47:10.630	0	010            	1-8 TON   	2022-07-01	10.4798
1-3T MAST MAINLINE  	100	A935           	220608         	AB61100   	102389	2022-07-06 20:51:32.270	2022-07-06 20:55:54.647	0	010            	1-8 TON   	2022-07-01	7.9163
1-3T OE             	10	A935           	220608         	AB61110   	600411	2022-07-06 20:58:56.480	2022-07-06 21:05:20.030	0	010            	1-8 TON   	2022-07-01	6.7518
1-3T OE             	20	A935           	220608         	AB61120   	102381	2022-07-06 21:15:47.043	2022-07-06 21:28:23.307	0	010            	1-8 TON   	2022-07-01	19.0046
1-3T OE             	30	A935           	220608         	AB61130   	102371	2022-07-06 21:31:18.877	2022-07-06 21:38:11.083	0	010            	1-8 TON   	2022-07-01	14.2538
1-3T OE             	40	A935           	220608         	AB61140   	102337	2022-07-06 21:39:13.683	2022-07-06 21:45:59.640	0	010            	1-8 TON   	2022-07-01	10.2997
1-3T OE             	50	A935           	220608         	AB61150   	102120	2022-07-06 21:54:42.003	2022-07-06 21:56:00.013	0	010            	1-8 TON   	2022-07-01	13.0018
1-3T OE             	60	A935           	220608         	AB61160   	102272	2022-07-06 22:09:42.317	2022-07-06 22:10:31.963	0	010            	1-8 TON   	2022-07-01	5.0019
1-3T OE             	70	A935           	220608         	AB61170   	102364	2022-07-06 22:21:12.620	2022-07-06 22:29:48.527	0	010            	1-8 TON   	2022-07-01	10.0043
1-3T OE             	90	A935           	220608         	AB61190   	102274	2022-07-06 22:46:46.637	2022-07-06 22:16:57.493	0	010            	1-8 TON   	2022-07-01	20.0004
2/140/4-5 MAINLINE  	100	U005           	253521         	AB45ML10  	102315	2022-07-07 05:38:33.363	2022-07-07 05:47:33.600	0	010            	1-8 TON   	2022-07-01	30.4402
2/130/4-5 LPGBRACKET	10	U005           	253521         	AB45FC18  	600476	2022-07-07 05:38:51.083	2022-07-07 06:08:59.290	0	010            	1-8 TON   	2022-07-01	13.1676
1/170/1-8T TIREPRESS	10	G024           	231194         	ABTIRPRS  	NULL	2022-07-07 05:51:54.133	NULL	0	010            	1-8 TON   	2022-06-19	27.49
2/140/4-5 MAINLINE  	110	U005           	253521         	AB45ML11  	102259	2022-07-07 07:06:49.437	2022-07-07 07:09:23.643	0	010            	1-8 TON   	2022-07-01	16.5002
2/140/4-5 MAINLINE  	120	U005           	253521         	AB45ML12  	102195	2022-07-07 07:20:55.900	2022-07-07 07:30:04.983	0	010            	1-8 TON   	2022-07-01	25.9342
2/140/4-5 MAINLINE  	130	U005           	253521         	AB45ML13  	102348	2022-07-07 09:08:33.450	2022-07-07 09:12:16.820	0	010            	1-8 TON   	2022-07-01	5.5818
1-3T MAST MAINLINE  	10	A968           	212862         	AB61010   	102352	2022-07-07 10:42:52.320	2022-07-07 10:43:23.820	0	010            	1-8 TON   	2022-07-01	10.333
1-3T MAST MAINLINE  	30	A968           	212862         	AB61030   	101744	2022-07-07 11:09:14.950	2022-07-07 11:09:44.250	0	010            	1-8 TON   	2022-07-01	15.8739
1-3T MAST MAINLINE  	50	A968           	212862         	AB61050   	101387	2022-07-07 12:21:39.800	2022-07-07 12:23:08.623	0	010            	1-8 TON   	2022-07-01	5.8327
1-3T MAST MAINLINE  	60	A968           	212862         	AB61060   	600505	2022-07-07 12:29:51.157	2022-07-07 12:32:24.440	0	010            	1-8 TON   	2022-07-01	6.7496
1-3T MAST MAINLINE  	70	A968           	212862         	AB61070   	600526	2022-07-07 12:43:33.447	2022-07-07 12:44:09.670	0	010            	1-8 TON   	2022-07-01	7.2474
1-3T MAST MAINLINE  	80	A968           	212862         	AB61080   	600526	2022-07-07 12:46:12.933	2022-07-07 12:49:52.447	0	010            	1-8 TON   	2022-07-01	6.7496
2/003/4-5 VALVE ASSY	10	G024           	231194         	AB45FC01  	102233	2022-07-07 12:53:53.833	2022-07-07 13:11:20.450	0	010            	1-8 TON   	2022-06-19	20.457
1-3T CARRIAGE SUB   	10	A968           	212862         	AB62050   	102138	2022-07-07 12:59:36.313	2022-07-07 13:01:23.873	0	010            	1-8 TON   	2022-07-01	0.75
1-3T MAST MAINLINE  	90	A968           	212862         	AB61090   	600341	2022-07-07 13:02:01.973	2022-07-07 13:02:32.650	0	010            	1-8 TON   	2022-07-01	4.5033
2/080/4-5 FUELSUBS  	10	G024           	231194         	AB45FC16  	102216	2022-07-07 13:13:50.497	2022-07-07 13:23:16.473	0	010            	1-8 TON   	2022-06-19	6.9588
1-3T MAST MAINLINE  	100	A968           	212862         	AB61100   	101476	2022-07-07 13:28:49.360	2022-07-07 13:33:36.737	0	010            	1-8 TON   	2022-07-01	16.3326
1-3T OE             	10	A968           	212862         	AB61110   	101372	2022-07-07 13:34:12.180	2022-07-07 13:35:54.770	0	010            	1-8 TON   	2022-07-01	14.4994
1-3T OE             	20	A968           	212862         	AB61120   	102316	2022-07-07 13:36:15.663	2022-07-07 13:42:18.647	0	010            	1-8 TON   	2022-07-01	14.5056
1-3T OE             	30	A968           	212862         	AB61130   	102316	2022-07-07 13:50:23.580	2022-07-07 13:57:40.713	0	010            	1-8 TON   	2022-07-01	13.4996
1-3T OE             	40	A968           	212862         	AB61140   	102345	2022-07-07 13:58:31.360	2022-07-07 14:02:41.767	0	010            	1-8 TON   	2022-07-01	12.2676
1-3T OE             	50	A968           	212862         	AB61150   	101838	2022-07-07 14:14:25.587	2022-07-07 14:19:07.527	0	010            	1-8 TON   	2022-07-01	17.9996
1-3T OE             	60	A968           	212862         	AB61160   	102180	2022-07-07 14:20:05.970	2022-07-07 14:34:01.013	0	010            	1-8 TON   	2022-07-01	6.008
1-3T OE             	70	A968           	212862         	AB61170   	102180	2022-07-07 14:34:30.563	2022-07-07 14:35:08.067	0	010            	1-8 TON   	2022-07-01	5.9998
2/002/4-7 LEVER SUB 	10	G024           	231194         	AB45FC20  	600539	2022-07-07 14:59:51.377	2022-07-09 05:26:00.420	0	010            	1-8 TON   	2022-06-19	12.42
2/025/4-5 TRANSMNSUB	20	G024           	231194         	AB45FC22  	102348	2022-07-07 15:24:45.700	2022-07-09 08:35:34.333	0	010            	1-8 TON   	2022-06-19	21.3457
2/140/4-5 MAINLINE  	110	A099           	261090         	AB45ML11  	NULL	2022-07-07 17:25:12.080	NULL	0	010            	1-8 TON   	2022-07-06	54.9995
1-3T MAST VALVE SUB 	10	A268           	230151         	AB62040   	NULL	2022-07-09 01:28:24.160	NULL	0	010            	1-8 TON   	2022-07-08	5.2964
1-3T CYLINDER SUB   	10	A268           	230151         	AB62030   	NULL	2022-07-09 01:31:27.540	NULL	0	010            	1-8 TON   	2022-07-08	4.4999
2/001/4-5MASTERCYL  	10	G024           	231194         	AB45FC19  	102165	2022-07-09 05:07:13.940	2022-07-09 05:07:32.707	0	010            	1-8 TON   	2022-06-19	20.3503
FLM SEAT ASSY       	10	G024           	231194         	AB92265   	102285	2022-07-09 05:52:25.070	2022-07-09 06:06:02.373	0	010            	1-8 TON   	2022-06-19	11.207775
2/050/4-5 RADIATRSUB	10	G024           	231194         	AB45FC13  	102260	2022-07-09 05:54:46.180	2022-07-09 09:36:53.317	0	010            	1-8 TON   	2022-06-19	10.5637
2/005/4-5 COWL MAIN 	5	G024           	231194         	AB45FC21  	101580	2022-07-09 06:08:08.450	2022-07-09 06:37:31.200	0	010            	1-8 TON   	2022-06-19	18.9644
2/015/4-5 TILT SUB  	10	G024           	231194         	AB45FC04  	600357	2022-07-09 06:20:00.337	2022-07-09 06:25:19.017	0	010            	1-8 TON   	2022-06-19	30.1173
2/040/4-5 EXHAUSTSUB	10	G024           	231194         	AB45FC12  	102260	2022-07-09 06:38:58.647	2022-07-09 06:42:11.530	0	010            	1-8 TON   	2022-06-19	2.9464806
2/005/4-5 COWL MAIN 	10	G024           	231194         	AB45FC02  	102433	2022-07-09 06:55:49.553	2022-07-09 07:11:15.090	0	010            	1-8 TON   	2022-06-19	14.2172
2/005/4-5 COWL MAIN 	20	G024           	231194         	AB45FC03  	102281	2022-07-09 07:18:45.520	2022-07-09 07:30:52.287	0	010            	1-8 TON   	2022-06-19	27.9095
2/140/4-5 MAINLINE  	5	G024           	231194         	AB21010   	600535	2022-07-09 07:31:55.840	2022-07-09 07:40:13.047	0	010            	1-8 TON   	2022-06-19	27.9777
2/140/4-5 MAINLINE  	10	G024           	231194         	AB45ML01  	600385	2022-07-09 07:55:11.203	2022-07-09 08:06:12.720	0	010            	1-8 TON   	2022-06-19	15.0133
2/030/4-5 PWRTRAIN  	10	G024           	231194         	AB45FC07  	101314	2022-07-09 08:28:17.700	2022-07-09 09:08:45.297	0	010            	1-8 TON   	2022-06-19	19.0009
4-7T CHAIN ASSEMBLY 	10	G024           	231194         	AB52010   	102087	2022-07-09 08:33:35.960	2022-07-09 08:33:57.650	0	010            	1-8 TON   	2022-06-19	14.3721
1-3T MAST MAINLINE  	10	A268           	240637         	AB61010   	102352	2022-07-09 09:07:12.537	2022-07-09 09:07:35.210	0	010            	1-8 TON   	2022-07-08	5.1665
1-3T CYLINDER SUB   	10	A268           	240637         	AB62030   	101561	2022-07-09 09:11:43.070	2022-07-09 09:36:40.003	0	010            	1-8 TON   	2022-07-08	4.4999
1-3T MAST VALVE SUB 	10	A268           	240637         	AB62040   	102241	2022-07-09 09:14:41.793	2022-07-09 09:17:51.897	0	010            	1-8 TON   	2022-07-08	5.2964
2/030/4-5 PWRTRAIN  	20	G024           	231194         	AB45FC08  	102121	2022-07-09 09:15:41.990	2022-07-09 09:32:37.363	0	010            	1-8 TON   	2022-06-19	14.7073
1-3T MAST MAINLINE  	20	A268           	240637         	AB61020   	101548	2022-07-09 09:22:40.307	2022-07-09 09:30:18.270	0	010            	1-8 TON   	2022-07-08	8.1159
4-7T CYLINDER SUB   	10	G024           	231194         	AB52022   	101751	2022-07-09 09:34:30.923	2022-07-09 09:56:54.560	0	010            	1-8 TON   	2022-06-19	15.0839
1-3T CARRIAGE SUB   	10	A268           	240637         	AB62050   	102138	2022-07-09 09:42:17.560	2022-07-09 09:51:38.427	0	010            	1-8 TON   	2022-07-08	9.42
2/140/4-5 MAINLINE  	40	G024           	231194         	AB45ML04  	102235	2022-07-09 09:45:40.727	2022-07-09 10:28:22.637	0	010            	1-8 TON   	2022-06-19	17.6343
1-3T MAST MAINLINE  	30	A268           	240637         	AB61030   	101744	2022-07-09 09:50:11.883	2022-07-09 09:58:59.933	0	010            	1-8 TON   	2022-07-08	12.1243
2/090/4-5 BATTERYSUB	10	G024           	231194         	AB45FC15  	101623	2022-07-09 09:50:16.340	2022-07-09 10:27:12.440	0	010            	1-8 TON   	2022-06-19	7.4679
2/100/4-5 ARCLENRSUB	10	G024           	231194         	AB45FC15  	101623	2022-07-09 09:50:16.340	2022-07-09 10:27:12.440	0	010            	1-8 TON   	2022-06-19	9.3428
1-3T MAST MAINLINE  	40	A268           	240637         	AB61040   	101579	2022-07-09 10:00:01.973	2022-07-09 10:08:04.657	0	010            	1-8 TON   	2022-07-08	7.8331
1-3T MAST MAINLINE  	50	A268           	240637         	AB61050   	102273	2022-07-09 10:10:31.503	2022-07-09 10:14:12.873	0	010            	1-8 TON   	2022-07-08	3.833
4-7T MAST MAINLINE  	10	G024           	231194         	AB51010   	101736	2022-07-09 10:11:06.663	2022-07-09 10:20:26.217	0	010            	1-8 TON   	2022-06-19	22.6496
2/027/4-5 WETAXLESUB	10	G024           	231194         	AB45FC11  	102262	2022-07-09 10:11:36.400	2022-07-09 10:43:08.167	0	010            	1-8 TON   	2022-06-19	39.6285
1-3T MAST MAINLINE  	60	A268           	240637         	AB61060   	101387	2022-07-09 10:19:17.613	2022-07-09 10:23:23.880	0	010            	1-8 TON   	2022-07-08	5.4998
2/020/4-5 STRAXLPREP	10	G024           	231194         	AB45FC05  	102254	2022-07-09 10:20:11.620	2022-07-09 10:06:28.973	0	010            	1-8 TON   	2022-06-19	44.2989
4-7T MAST MAINLINE  	20	G024           	231194         	AB51020   	101911	2022-07-09 10:21:14.143	2022-07-09 10:37:08.323	0	010            	1-8 TON   	2022-06-19	36.9989
1-3T MAST MAINLINE  	70	A268           	240637         	AB61070   	600526	2022-07-09 10:37:57.003	2022-07-09 10:41:56.940	0	010            	1-8 TON   	2022-07-08	5.4976
1-3T MAST MAINLINE  	80	A268           	240637         	AB61080   	102180	2022-07-09 10:42:44.837	2022-07-09 10:47:02.430	0	010            	1-8 TON   	2022-07-08	5.9998
4-7T MAST MAINLINE  	30	G024           	231194         	AB51030   	102338	2022-07-09 10:44:00.907	2022-07-09 10:50:09.123	0	010            	1-8 TON   	2022-06-19	21.5979
1-3T MAST MAINLINE  	90	A268           	240637         	AB61090   	600341	2022-07-09 10:55:12.677	2022-07-09 10:56:49.703	0	010            	1-8 TON   	2022-07-08	9.2515
2/030/4-5 PWRTRAIN  	30	G024           	231194         	AB45FC09  	102258	2022-07-09 11:04:02.557	2022-07-09 11:04:48.593	0	010            	1-8 TON   	2022-06-19	23.2844
2/030/4-5 PWRTRAIN  	40	G024           	231194         	AB45FC10  	600478	2022-07-09 11:11:53.723	2022-07-09 11:14:50.793	0	010            	1-8 TON   	2022-06-19	8.9179
2/140/4-5 MAINLINE  	50	G024           	231194         	AB45ML05  	600478	2022-07-09 11:19:18.890	2022-07-09 13:03:04.247	0	010            	1-8 TON   	2022-06-19	24.4322
2/060/4-5 OHG/CAB SB	10	G024           	231194         	AB45FC14  	102249	2022-07-09 11:28:30.940	2022-07-09 12:40:05.187	0	010            	1-8 TON   	2022-06-19	46.7087
2/060/4-5 OHG/CAB SB	5	G024           	231194         	AB45FC14A 	102249	2022-07-09 11:28:49.223	2022-07-09 12:40:09.547	0	010            	1-8 TON   	2022-06-19	64.9921
1-3T MAST MAINLINE  	100	A268           	240637         	AB61100   	101476	2022-07-09 11:42:20.473	2022-07-09 11:44:44.227	0	010            	1-8 TON   	2022-07-08	8.9163
4-7T MAST MAINLINE  	40	G024           	231194         	AB51040   	102386	2022-07-09 11:49:40.607	2022-07-09 11:51:42.373	0	010            	1-8 TON   	2022-06-19	22.9994
4-7T CARRIAGE SUB   	10	G024           	231194         	AB52030   	600452	2022-07-09 11:50:23.737	2022-07-09 12:29:23.513	0	010            	1-8 TON   	2022-06-19	133.8061
4-7T MAST MAINLINE  	50	G024           	231194         	AB51050   	101331	2022-07-09 11:56:46.463	2022-07-09 11:59:30.707	0	010            	1-8 TON   	2022-06-19	17.4995
1-3T OE             	10	A268           	240637         	AB61110   	600417	2022-07-09 12:01:02.797	2022-07-09 12:04:37.540	0	010            	1-8 TON   	2022-07-08	8.4996
1-3T OE             	20	A268           	240637         	AB61120   	102345	2022-07-09 12:06:08.770	2022-07-09 12:09:05.060	0	010            	1-8 TON   	2022-07-08	7.7538
1-3T OE             	30	A268           	240637         	AB61130   	102345	2022-07-09 12:10:44.500	2022-07-09 12:15:49.820	0	010            	1-8 TON   	2022-07-08	8.7478
1-3T OE             	40	A268           	240637         	AB61140   	600505	2022-07-09 12:22:34.997	2022-07-09 12:27:13.593	0	010            	1-8 TON   	2022-07-08	6.2598
2/110/4-5 HOOD SUB  	10	G024           	231194         	AB45FC17  	102217	2022-07-09 12:39:05.163	2022-07-09 13:02:30.400	0	010            	1-8 TON   	2022-06-19	12.919775
1-3T OE             	50	A268           	240637         	AB61150   	101838	2022-07-09 12:39:14.697	2022-07-09 12:43:55.840	0	010            	1-8 TON   	2022-07-08	8.9998
1-3T OE             	60	A268           	240637         	AB61160   	102147	2022-07-09 12:45:16.100	2022-07-09 12:48:45.970	0	010            	1-8 TON   	2022-07-08	2.922
1-3T OE             	70	A268           	240637         	AB61170   	102203	2022-07-09 12:49:11.193	2022-07-09 12:50:05.620	0	010            	1-8 TON   	2022-07-08	4.8339
1-3T OE             	90	A268           	240637         	AB61190   	101484	2022-07-09 12:55:45.460	2022-07-09 12:57:03.860	0	010            	1-8 TON   	2022-07-08	20.0004
2/140/4-5 MAINLINE  	60	G024           	231194         	AB45ML06  	102313	2022-07-09 14:01:15.083	2022-07-09 14:07:56.353	0	010            	1-8 TON   	2022-06-19	26.0158
2/140/4-5 MAINLINE  	20	G024           	231194         	AB45ML02  	102332	2022-07-09 14:34:29.360	2022-07-09 08:33:36.177	0	010            	1-8 TON   	2022-06-19	20.7676
2/140/4-5 MAINLINE  	30	G024           	231194         	AB45ML03  	600477	2022-07-09 14:35:12.367	2022-07-09 09:24:38.430	0	010            	1-8 TON   	2022-06-19	55.7507
1-3T MAST MAINLINE  	10	C883           	260899         	AB61010   	102352	2022-07-09 15:05:40.140	2022-07-09 15:06:01.017	0	010            	1-8 TON   	2022-07-08	5.1665
1-3T MAST MAINLINE  	20	C883           	260899         	AB61020   	101548	2022-07-09 15:13:59.523	2022-07-09 15:23:00.120	0	010            	1-8 TON   	2022-07-08	7.8659
1-3T MAST VALVE SUB 	10	C883           	260899         	AB62040   	102241	2022-07-09 15:21:35.907	2022-07-09 15:25:03.650	0	010            	1-8 TON   	2022-07-08	1.9996
1-3T CYLINDER SUB   	10	C883           	260899         	AB62030   	102272	2022-07-09 16:19:14.530	2022-07-09 16:28:16.830	0	010            	1-8 TON   	2022-07-08	6.250025
1-3T MAST MAINLINE  	30	C883           	260899         	AB61030   	102188	2022-07-09 16:54:20.193	2022-07-09 17:00:19.840	0	010            	1-8 TON   	2022-07-08	6.6666
1-3T MAST MAINLINE  	40	C883           	260899         	AB61040   	600455	2022-07-09 17:05:31.297	2022-07-09 17:08:15.053	0	010            	1-8 TON   	2022-07-08	7.333
1-3T MAST MAINLINE  	50	C883           	260899         	AB61050   	102231	2022-07-09 17:09:03.167	2022-07-09 17:13:27.297	0	010            	1-8 TON   	2022-07-08	6.0808
1-3T MAST MAINLINE  	60	C883           	260899         	AB61060   	600454	2022-07-09 17:13:42.220	2022-07-09 17:17:01.963	0	010            	1-8 TON   	2022-07-08	3.9998
1-3T MAST MAINLINE  	70	C883           	260899         	AB61070   	102428	2022-07-09 17:19:05.243	2022-07-09 17:29:32.807	0	010            	1-8 TON   	2022-07-08	7.2498
1-3T MAST MAINLINE  	80	C883           	260899         	AB61080   	102291	2022-07-09 17:31:28.583	2022-07-09 17:34:04.230	0	010            	1-8 TON   	2022-07-08	4.4998
1-3T CARRIAGE SUB   	10	C883           	260899         	AB62050   	102415	2022-07-09 17:55:50.170	2022-07-09 17:56:16.207	0	010            	1-8 TON   	2022-07-08	8.922
1-3T MAST MAINLINE  	90	C883           	260899         	AB61090   	102399	2022-07-09 17:56:17.440	2022-07-09 17:56:57.710	0	010            	1-8 TON   	2022-07-08	8.4998
1-3T MAST MAINLINE  	100	C883           	260899         	AB61100   	102276	2022-07-09 18:06:02.870	2022-07-09 18:10:14.293	0	010            	1-8 TON   	2022-07-08	7.9163
1-3T OE             	10	C883           	260899         	AB61110   	600411	2022-07-09 18:11:36.583	2022-07-09 18:15:35.130	0	010            	1-8 TON   	2022-07-08	6.7518
1-3T OE             	20	C883           	260899         	AB61120   	102381	2022-07-09 18:54:40.497	2022-07-09 18:58:44.187	0	010            	1-8 TON   	2022-07-08	9.0038
1-3T OE             	30	C883           	260899         	AB61130   	102388	2022-07-09 19:27:46.447	2022-07-09 19:33:37.820	0	010            	1-8 TON   	2022-07-08	8.2538
1-3T OE             	40	C883           	260899         	AB61140   	102337	2022-07-09 19:35:43.410	2022-07-09 19:39:49.350	0	010            	1-8 TON   	2022-07-08	9.2997
1-3T OE             	50	C883           	260899         	AB61150   	102120	2022-07-09 19:43:49.660	2022-07-09 19:44:19.773	0	010            	1-8 TON   	2022-07-08	7.5018
1-3T OE             	60	C883           	260899         	AB61160   	102274	2022-07-09 20:30:38.070	2022-07-09 20:31:22.827	0	010            	1-8 TON   	2022-07-08	5.0019
1-3T OE             	70	C883           	260899         	AB61170   	102364	2022-07-09 20:46:48.600	2022-07-09 20:52:10.110	0	010            	1-8 TON   	2022-07-08	10.0043
1-3T OE             	90	C883           	260899         	AB61190   	102371	2022-07-09 20:51:38.573	2022-07-09 20:56:21.233	0	010            	1-8 TON   	2022-07-08	20.0004
2/130/4-5 LPGBRACKET	10	G024           	231194         	AB45FC18  	600476	2022-07-14 04:58:20.090	2022-07-14 06:38:13.593	0	010            	1-8 TON   	2022-06-19	11.1676
2/140/4-5 MAINLINE  	70	G024           	231194         	AB45ML07  	102323	2022-07-14 05:05:25.630	2022-07-14 05:08:50.340	0	010            	1-8 TON   	2022-06-19	27.2735
1-3T MAST MAINLINE  	10	A268           	219982         	AB61010   	102352	2022-07-14 05:29:32.493	2022-07-14 05:30:05.700	0	010            	1-8 TON   	2022-07-08	5.1665
1-3T MAST MAINLINE  	20	A268           	219982         	AB61020   	101548	2022-07-14 05:39:19.630	2022-07-14 05:45:56.723	0	010            	1-8 TON   	2022-07-08	8.1159
1-3T CYLINDER SUB   	10	A268           	219982         	AB62030   	101561	2022-07-14 05:39:27.600	2022-07-14 06:14:13.680	0	010            	1-8 TON   	2022-07-08	5.9999
2/140/4-5 MAINLINE  	80	G024           	231194         	AB45ML08  	600357	2022-07-14 05:43:36.677	2022-07-14 05:48:39.430	0	010            	1-8 TON   	2022-06-19	32.6457
1-3T MAST VALVE SUB 	10	A268           	219982         	AB62040   	102241	2022-07-14 05:47:13.327	2022-07-14 05:51:20.297	0	010            	1-8 TON   	2022-07-08	5.713
1-3T CARRIAGE SUB   	10	A268           	219982         	AB62050   	102138	2022-07-14 05:51:40.657	2022-07-14 05:54:55.603	0	010            	1-8 TON   	2022-07-08	8.922
2/140/4-5 MAINLINE  	140	U005           	253521         	AB45ML14  	101480	2022-07-14 05:56:42.883	2022-07-14 05:58:22.150	0	010            	1-8 TON   	2022-07-01	54.2524
1-3T MAST MAINLINE  	10	A268           	237829         	AB61010   	102352	2022-07-14 05:57:45.040	2022-07-14 05:58:21.307	0	010            	1-8 TON   	2022-07-07	5.1665
1-3T MAST MAINLINE  	30	A268           	219982         	AB61030   	101744	2022-07-14 06:04:45.720	2022-07-14 06:15:51.747	0	010            	1-8 TON   	2022-07-08	12.1243
1-3T CYLINDER SUB   	10	A268           	237829         	AB62030   	101561	2022-07-14 06:05:13.313	2022-07-14 06:34:29.847	0	010            	1-8 TON   	2022-07-07	4.4999
1-3T MAST MAINLINE  	20	A268           	237829         	AB61020   	101548	2022-07-14 06:07:32.510	2022-07-14 06:16:26.737	0	010            	1-8 TON   	2022-07-07	8.1159
2/140/4-5 MAINLINE  	145	U005           	253521         	AB45ML20  	101577	2022-07-14 06:09:20.417	2022-07-14 06:15:11.677	0	010            	1-8 TON   	2022-07-01	31.3371
1-3T MAST VALVE SUB 	10	A268           	237829         	AB62040   	102241	2022-07-14 06:21:02.680	2022-07-14 06:26:45.633	0	010            	1-8 TON   	2022-07-07	5.2964
2/140/4-5 MAINLINE  	150	U005           	253521         	AB45ML15  	600485	2022-07-14 06:21:34.043	2022-07-14 06:31:58.203	0	010            	1-8 TON   	2022-07-01	27.2517
1-3T MAST MAINLINE  	40	A268           	219982         	AB61040   	101579	2022-07-14 06:22:24.613	2022-07-14 06:30:17.143	0	010            	1-8 TON   	2022-07-08	7.8331
2/140/4-5 MAINLINE  	90	G024           	231194         	AB45ML09  	600481	2022-07-14 06:22:56.320	2022-07-14 06:40:52.817	0	010            	1-8 TON   	2022-06-19	47.46695
1-3T CARRIAGE SUB   	10	A268           	237829         	AB62050   	102138	2022-07-14 06:25:49.000	2022-07-14 06:30:51.727	0	010            	1-8 TON   	2022-07-07	9.42
1-3T MAST MAINLINE  	30	A268           	237829         	AB61030   	101744	2022-07-14 06:28:54.243	2022-07-14 06:40:09.420	0	010            	1-8 TON   	2022-07-07	12.1243
1-3T MAST MAINLINE  	50	A268           	219982         	AB61050   	101387	2022-07-14 06:37:24.227	2022-07-14 06:41:34.403	0	010            	1-8 TON   	2022-07-08	3.833
1-3T MAST MAINLINE  	40	A268           	237829         	AB61040   	101579	2022-07-14 06:43:15.777	2022-07-14 06:50:18.937	0	010            	1-8 TON   	2022-07-07	7.8331
1-3T MAST MAINLINE  	60	A268           	219982         	AB61060   	101387	2022-07-14 06:46:47.177	2022-07-14 06:47:47.433	0	010            	1-8 TON   	2022-07-08	5.4998
1-3T MAST MAINLINE  	70	A268           	219982         	AB61070   	102273	2022-07-14 06:48:16.703	2022-07-14 06:52:00.060	0	010            	1-8 TON   	2022-07-08	5.4976
2/140/4-5 MAINLINE  	100	G024           	231194         	AB45ML10  	102126	2022-07-14 06:53:30.430	2022-07-14 07:01:19.377	0	010            	1-8 TON   	2022-06-19	21.8403
1-3T MAST MAINLINE  	80	A268           	219982         	AB61080   	600526	2022-07-14 06:55:32.897	2022-07-14 07:04:48.077	0	010            	1-8 TON   	2022-07-08	5.9998
1-3T MAST MAINLINE  	50	A268           	237829         	AB61050   	101387	2022-07-14 07:00:26.073	2022-07-14 07:03:58.990	0	010            	1-8 TON   	2022-07-07	3.833
1-3T MAST MAINLINE  	90	A268           	219982         	AB61090   	600341	2022-07-14 07:07:50.957	2022-07-14 07:09:55.723	0	010            	1-8 TON   	2022-07-08	9.2514
2/140/4-5 MAINLINE  	160	U005           	253521         	AB45ML16  	600491	2022-07-14 07:08:17.837	2022-07-14 07:26:15.077	0	010            	1-8 TON   	2022-07-01	30.2201
1-3T MAST MAINLINE  	60	A268           	237829         	AB61060   	101387	2022-07-14 07:09:05.310	2022-07-14 07:10:32.010	0	010            	1-8 TON   	2022-07-07	5.4998
1-3T MAST MAINLINE  	70	A268           	237829         	AB61070   	102273	2022-07-14 07:10:43.790	2022-07-14 07:16:51.100	0	010            	1-8 TON   	2022-07-07	5.4976
1-3T MAST MAINLINE  	80	A268           	237829         	AB61080   	600526	2022-07-14 07:18:17.550	2022-07-14 07:22:29.127	0	010            	1-8 TON   	2022-07-07	5.9998
1-3T MAST MAINLINE  	90	A268           	237829         	AB61090   	600341	2022-07-14 07:24:03.700	2022-07-14 07:30:22.233	0	010            	1-8 TON   	2022-07-07	9.2515
1-3T MAST MAINLINE  	100	A268           	219982         	AB61100   	102180	2022-07-14 07:29:30.257	2022-07-14 07:29:53.603	0	010            	1-8 TON   	2022-07-08	8.9163
2/140/4-5 MAINLINE  	170	U005           	253521         	AB45ML17  	102320	2022-07-14 07:36:29.183	2022-07-14 07:57:15.103	0	010            	1-8 TON   	2022-07-01	47.5989
1-3T OE             	10	A268           	219982         	AB61110   	600417	2022-07-14 07:39:25.393	2022-07-14 07:42:39.450	0	010            	1-8 TON   	2022-07-08	8.4996
1-3T MAST MAINLINE  	100	A268           	237829         	AB61100   	102180	2022-07-14 07:43:33.190	2022-07-14 07:48:28.680	0	010            	1-8 TON   	2022-07-07	8.9163
1-3T OE             	20	A268           	219982         	AB61120   	102316	2022-07-14 07:47:14.403	2022-07-14 07:48:26.790	0	010            	1-8 TON   	2022-07-08	7.7538
1-3T OE             	30	A268           	219982         	AB61130   	102316	2022-07-14 07:49:16.247	2022-07-14 07:55:35.827	0	010            	1-8 TON   	2022-07-08	8.7478
2/140/4-5 MAINLINE  	180	U005           	253521         	AB45ML18  	600521	2022-07-14 07:59:16.430	2022-07-14 08:14:08.810	0	010            	1-8 TON   	2022-07-01	20.2774
1-3T OE             	10	A268           	237829         	AB61110   	600417	2022-07-14 08:02:45.380	2022-07-14 08:05:55.200	0	010            	1-8 TON   	2022-07-07	8.4996
1-3T OE             	40	A268           	219982         	AB61140   	600505	2022-07-14 08:04:11.750	2022-07-14 08:13:27.647	0	010            	1-8 TON   	2022-07-08	10.0597
2/140/4-5 MAINLINE  	110	G024           	231194         	AB45ML11  	102259	2022-07-14 08:05:32.337	2022-07-14 08:07:07.160	0	010            	1-8 TON   	2022-06-19	56.0831
1-3T OE             	20	A268           	237829         	AB61120   	102316	2022-07-14 08:06:15.780	2022-07-14 08:09:23.787	0	010            	1-8 TON   	2022-07-07	7.7538
1-3T OE             	30	A268           	237829         	AB61130   	102316	2022-07-14 08:09:55.180	2022-07-14 08:15:03.050	0	010            	1-8 TON   	2022-07-07	8.7478
2/140/4-5 MAINLINE  	190	U005           	253521         	AB45ML19  	102096	2022-07-14 08:14:39.093	2022-07-14 08:15:21.427	0	010            	1-8 TON   	2022-07-01	30.6355
1-3T OE             	50	A268           	219982         	AB61150   	101838	2022-07-14 08:17:16.660	2022-07-14 08:44:26.807	0	010            	1-8 TON   	2022-07-08	8.9998
1-3T OE             	40	A268           	237829         	AB61140   	600505	2022-07-14 08:18:49.483	2022-07-14 08:45:15.170	0	010            	1-8 TON   	2022-07-07	6.2598
1-3T OE             	60	A268           	219982         	AB61160   	102147	2022-07-14 08:48:53.293	2022-07-14 08:53:17.480	0	010            	1-8 TON   	2022-07-08	7.5058
1-3T OE             	50	A268           	237829         	AB61150   	101838	2022-07-14 08:49:37.047	2022-07-14 08:56:05.127	0	010            	1-8 TON   	2022-07-07	8.9998
1-3T OE             	60	A268           	237829         	AB61160   	102147	2022-07-14 08:56:59.663	2022-07-14 08:58:18.847	0	010            	1-8 TON   	2022-07-07	2.922
1-3T OE             	90	A268           	237829         	AB61190   	101484	2022-07-14 09:00:45.350	2022-07-14 09:07:58.293	0	010            	1-8 TON   	2022-07-07	20.0004
1-3T OE             	70	A268           	237829         	AB61170   	102203	2022-07-14 09:02:08.890	2022-07-14 09:05:59.793	0	010            	1-8 TON   	2022-07-07	4.8339
1-3T OE             	80	A268           	219982         	AB61180   	101372	2022-07-14 15:08:08.293	2022-07-14 15:08:43.780	0	010            	1-8 TON   	2022-07-08	3.498
1-3T OE             	70	A268           	219982         	AB61170   	101372	2022-07-14 15:15:28.673	2022-07-14 15:19:20.290	0	010            	1-8 TON   	2022-07-08	7.6683
1-3T OE             	90	A268           	219982         	AB61190   	102371	2022-07-14 16:17:25.280	2022-07-14 16:21:19.717	0	010            	1-8 TON   	2022-07-08	20.0004
1-3T MAST MAINLINE  	10	A955           	257085         	AB61010   	102219	2022-07-14 18:09:54.633	2022-07-14 18:14:57.187	0	010            	1-8 TON   	2022-07-06	5.1665
1-3T MAST VALVE SUB 	10	A955           	257085         	AB62040   	102267	2022-07-14 18:10:44.500	2022-07-14 18:14:54.500	0	010            	1-8 TON   	2022-07-06	1.9996
1-3T MAST MAINLINE  	20	A955           	257085         	AB61020   	102444	2022-07-14 18:14:57.830	2022-07-14 18:19:22.517	0	010            	1-8 TON   	2022-07-06	7.8659
1-3T CHAIN ASSEMBLY 	10	A955           	257085         	AB62022   	NULL	2022-07-14 18:15:20.237	NULL	0	010            	1-8 TON   	2022-07-06	13.8248
1-3T MAST MAINLINE  	30	A955           	257085         	AB61030   	102188	2022-07-14 18:19:21.313	2022-07-14 18:47:15.927	0	010            	1-8 TON   	2022-07-06	6.6666
1-3T MAST MAINLINE  	40	A955           	257085         	AB61040   	102274	2022-07-14 18:47:24.820	2022-07-14 18:51:19.817	0	010            	1-8 TON   	2022-07-06	7.333
1-3T MAST MAINLINE  	50	A955           	257085         	AB61050   	102231	2022-07-14 18:54:39.560	2022-07-14 18:56:32.730	0	010            	1-8 TON   	2022-07-06	6.0808
1-3T MAST MAINLINE  	60	A955           	257085         	AB61060   	600454	2022-07-14 18:57:57.757	2022-07-14 19:00:17.930	0	010            	1-8 TON   	2022-07-06	3.9998
1-3T MAST MAINLINE  	70	A955           	257085         	AB61070   	102428	2022-07-14 19:02:52.950	2022-07-14 19:08:48.197	0	010            	1-8 TON   	2022-07-06	7.2498
1-3T MAST MAINLINE  	80	A955           	257085         	AB61080   	102291	2022-07-14 19:11:47.547	2022-07-14 19:16:56.023	0	010            	1-8 TON   	2022-07-06	4.4998
1-3T CARRIAGE SUB   	10	A955           	257085         	AB62050   	102415	2022-07-14 20:31:27.713	2022-07-14 20:31:44.793	0	010            	1-8 TON   	2022-07-06	0.75
1-3T MAST MAINLINE  	90	A955           	257085         	AB61090   	102272	2022-07-14 20:33:33.090	2022-07-14 20:33:50.450	0	010            	1-8 TON   	2022-07-06	1.4998
1-3T MAST MAINLINE  	100	A955           	257085         	AB61100   	102276	2022-07-14 20:43:21.613	2022-07-14 20:48:36.123	0	010            	1-8 TON   	2022-07-06	7.9163
1-3T OE             	10	A955           	257085         	AB61110   	600411	2022-07-14 20:53:57.320	2022-07-14 20:55:39.597	0	010            	1-8 TON   	2022-07-06	0.75